MAE,PCC,JS_Distance,MAE_BC,MAE_EC,MAE_PC
0.13639759,0.6342773862450729,0.2843330598652282,0.018569458552108453,0.013543058756567453,0.0006011155505416506
