MAE,PCC,JS_Distance,MAE_BC,MAE_EC,MAE_PC
0.13941635,0.6336340641495999,0.2877417884884587,0.0191075906297451,0.013554198064869752,0.0005863748143191933
