MAE,PCC,JS_Distance,MAE_BC,MAE_EC,MAE_PC
0.14627922,0.5899580321871398,0.3090203390881107,0.020997228913543057,0.01345288896163147,0.0006058922274750526
