MAE,PCC,JS_Distance,MAE_BC,MAE_EC,MAE_PC
0.12666722,0.6723324432963776,0.2782394157763246,0.020467683021909964,0.012081162901244879,0.0005362077024199523
