MAE,PCC,JS_Distance,MAE_BC,MAE_EC,MAE_PC,MAE_CC,MAE_Laplacian
0.13234353,0.6525959608202616,0.2782696594189149,0.018559506381967954,0.012506388992085815,0.0005502082286635388,0.05719208021459864,16281.149823537422
