MAE,PCC,JS_Distance,MAE_BC,MAE_EC,MAE_PC
0.1453206,0.5838874441580527,0.29242977155112637,0.017479176956921295,0.012036822868129677,0.0005320697563972106
