MAE,PCC,JS_Distance,MAE_BC,MAE_EC,MAE_PC,MAE_CC,MAE_SW
0.12683828,0.679535332306185,0.26994010764344345,0.018663092261450687,0.011811187973789213,0.000530072322369293,0.04344842163651218,0.028025242231276615
