MAE,PCC,JS_Distance,MAE_BC,MAE_EC,MAE_PC,MAE_CC,MAE_Laplacian
0.1283666,0.6855797141669759,0.2682180062845589,0.0188895087718534,0.011560695459103034,0.0005255866705026555,0.049244912249661814,15260.33542596943
