MAE,PCC,JS_Distance,MAE_BC,MAE_EC,MAE_PC,MAE_CC,MAE_Laplacian
0.13693651276601612,0.6333168560147082,0.2854931028719856,0.020941591328888808,0.013410831686701232,0.0005523117702273618,0.04372575632946362,14790.16243128333
